Entity,Code,Year,GDP per capita,Schooling,Democracy_Score
Afghanistan,AFG,2020,1928.4547,5.69,1
Albania,ALB,2020,11372.541,10.32,2
Algeria,DZA,2020,13086.293,8.18,1
Argentina,ARG,2020,15975.839,9.86,2
Armenia,ARM,2020,11546.176,10.54,2
Australia,AUS,2020,48268.945,12.93,3
Austria,AUT,2020,40503.04,10.39,3
Bahrain,BHR,2020,36890.504,8.21,0
Bangladesh,BGD,2020,4418.9644,7.23,1
Barbados,BRB,2020,10487.387,9.67,3
Belgium,BEL,2020,38763.44,11.57,3
Benin,BEN,2020,2297.7698,6.27,1
Bolivia,BOL,2020,6062.065,9.06,1
Botswana,BWA,2020,14162.686,10.58,3
Brazil,BRA,2020,13685.926,8.0,2
Bulgaria,BGR,2020,18203.832,10.75,2
Burundi,BDI,2020,720.446,5.05,1
Cambodia,KHM,2020,3728.1985,5.81,1
Cameroon,CMR,2020,2769.2869,7.37,1
Canada,CAN,2020,42493.63,12.93,2
Central African Republic,CAF,2020,613.78937,4.64,1
Chile,CHL,2020,20205.87,10.74,2
China,CHN,2020,17225.969,8.99,0
Colombia,COL,2020,12377.135,10.2,2
Congo,COG,2020,4203.1104,6.74,1
Costa Rica,CRI,2020,13996.39,9.12,3
Cote d'Ivoire,CIV,2020,3682.1353,6.05,1
Croatia,HRV,2020,21672.479,12.03,2
Cuba,CUB,2020,7364.1055,11.61,0
Cyprus,CYP,2020,28634.457,12.42,3
Czechia,CZE,2020,30365.37,12.93,2
Democratic Republic of Congo,COD,2020,794.2714,4.85,1
Denmark,DNK,2020,47171.086,11.69,3
Dominican Republic,DOM,2020,15325.654,9.04,2
Ecuador,ECU,2020,9646.065,9.07,2
Egypt,EGY,2020,12234.504,8.01,1
El Salvador,SLV,2020,8137.9746,8.1,2
Estonia,EST,2020,28261.582,12.29,3
Eswatini,SWZ,2020,8167.6895,6.46,0
Finland,FIN,2020,38871.703,11.05,3
France,FRA,2020,35913.82,11.89,3
Gabon,GAB,2020,15745.749,10.18,1
Gambia,GMB,2020,1914.1969,4.92,1
Germany,DEU,2020,44996.43,13.1,3
Ghana,GHA,2020,4069.252,8.39,2
Greece,GRC,2020,21767.22,11.86,3
Guatemala,GTM,2020,7309.368,6.26,2
Haiti,HTI,2020,1641.7617,5.95,1
Honduras,HND,2020,4567.8857,7.51,1
Hong Kong,HKG,2020,46550.258,12.83,0
Hungary,HUN,2020,26091.4,11.96,1
Iceland,ISL,2020,39368.4,13.53,3
India,IND,2020,6730.547,7.8,1
Indonesia,IDN,2020,11895.075,9.06,2
Iran,IRN,2020,17296.264,9.8,1
Iraq,IRQ,2020,11717.375,8.27,1
Ireland,IRL,2020,55134.855,13.74,3
Israel,ISR,2020,32730.943,12.04,3
Italy,ITA,2020,32385.326,11.51,3
Jamaica,JAM,2020,6880.4883,10.1,2
Japan,JPN,2020,36826.64,12.83,3
Jordan,JOR,2020,8896.383,10.81,0
Kazakhstan,KAZ,2020,25124.486,11.79,1
Kenya,KEN,2020,3129.5852,6.73,1
Kuwait,KWT,2020,66365.99,6.62,1
Kyrgyzstan,KGZ,2020,4899.061,11.18,1
Laos,LAO,2020,6824.144,6.05,0
Latvia,LVA,2020,25453.064,11.96,3
Lesotho,LSO,2020,2297.383,6.88,2
Liberia,LBR,2020,768.40546,5.8,2
Libya,LBY,2020,11741.864,9.57,0
Lithuania,LTU,2020,28971.844,12.5,2
Luxembourg,LUX,2020,53489.332,11.53,3
Malawi,MWI,2020,1186.6827,5.41,2
Malaysia,MYS,2020,24279.316,11.96,1
Mali,MLI,2020,1638.9304,3.55,0
Malta,MLT,2020,29703.762,12.09,2
Mauritania,MRT,2020,3532.2979,5.55,1
Mauritius,MUS,2020,18445.975,10.4,2
Mexico,MEX,2020,15253.691,10.18,2
Moldova,MDA,2020,6560.7476,10.84,2
Mongolia,MNG,2020,12990.328,10.0,2
Morocco,MAR,2020,7849.208,6.83,0
Mozambique,MOZ,2020,1076.6941,4.22,1
Myanmar,MMR,2020,6282.8115,6.48,1
Namibia,NAM,2020,7734.6055,6.88,2
Nepal,NPL,2020,2832.8608,6.19,2
Netherlands,NLD,2020,46014.484,11.82,3
New Zealand,NZL,2020,35853.69,10.81,3
Nicaragua,NIC,2020,4575.1865,7.76,1
Niger,NER,2020,962.7823,3.04,2
Norway,NOR,2020,83543.1,12.08,3
Pakistan,PAK,2020,5242.6953,6.41,1
Panama,PAN,2020,18840.738,10.44,2
Paraguay,PRY,2020,8603.079,8.83,2
Peru,PER,2020,11136.991,9.96,2
Philippines,PHL,2020,7624.4136,9.44,1
Poland,POL,2020,28577.14,12.01,2
Portugal,PRT,2020,25700.283,9.56,3
Qatar,QAT,2020,143118.53,8.52,0
Romania,ROU,2020,24799.71,11.28,2
Russia,RUS,2020,24625.385,11.6,1
Rwanda,RWA,2020,1935.2662,5.24,1
Saudi Arabia,SAU,2020,46723.93,9.86,0
Senegal,SEN,2020,2524.2656,4.4,2
Serbia,SRB,2020,15256.421,11.72,1
Sierra Leone,SLE,2020,1635.713,4.99,2
Singapore,SGP,2020,71964.7,13.06,1
Slovakia,SVK,2020,26468.295,13.14,2
Slovenia,SVN,2020,28733.303,12.06,3
South Africa,ZAF,2020,10839.133,10.47,2
South Korea,KOR,2020,38606.984,13.68,3
Spain,ESP,2020,30834.514,11.51,3
Sri Lanka,LKA,2020,11447.249,10.33,2
Sweden,SWE,2020,44128.332,11.93,3
Switzerland,CHE,2020,60521.26,12.97,3
Syria,SYR,2020,2903.7397,7.92,0
Taiwan,TWN,2020,48779.438,12.76,3
Tajikistan,TJK,2020,4828.3936,10.12,1
Tanzania,TZA,2020,2948.4724,6.87,1
Thailand,THA,2020,15815.915,9.32,0
Togo,TGO,2020,1482.7515,7.68,1
Trinidad and Tobago,TTO,2020,25548.51,11.28,3
Tunisia,TUN,2020,10354.239,9.29,2
Turkey,TUR,2020,23721.88,8.49,1
Uganda,UGA,2020,2032.2618,6.69,1
Ukraine,UKR,2020,9769.828,10.82,2
United Arab Emirates,ARE,2020,70188.27,9.57,0
United Kingdom,GBR,2020,34651.184,12.9,3
United States,USA,2020,54379.207,13.32,3
Uruguay,URY,2020,18460.04,8.76,3
Venezuela,VEN,2020,4952.53,9.33,1
Vietnam,VNM,2020,7395.3613,8.35,1
Yemen,YEM,2020,2031.4436,5.56,0
Zambia,ZMB,2020,3270.599,8.37,1
Zimbabwe,ZWE,2020,1585.9728,8.32,1
